// Your complete updated code file content is not provided, but the request seems to be data-only.
// Since the original file content is not given, I assume the user wants the CSV data returned as-is.

// Returning the CSV data as a complete file content:

Code,Name
12215,Stuart Lake Hospital
12216,Burnaby Hospital Phase1
26999,Warranty Job 2026
92309,Woodland Park PA
92408,Cartier House Phone
92409,Pine Grove NC and Phone
92410,Cartier House Arial
92415,Discovery Harbour Phone
92416,Fort Langley Phone
92417,Hilton Villa Phone
92418,Oyster Harbor Phone
92419,Wexford Creek Phone
92501,Cedar Springs Phone/Pend.
92502,Trillium Lodge Phone Intg
92503,North Star Inn Phone
12306,RCH Phase2 - Subcontract
12308,CMH Redevelopment
12309,RCH Phase2 Material
L2327,False Creek Healthcare NC
L2335,Burnaby Hospital CM1
L2336,Snohomish PA
L2406,RH Modular CT Replacement
L2421,KGH MRI Reno TP3
L2439,Seven Nations NC
L2442,VCH DTES CHC NC
L2445,KBRH RM 323 NC
L2447,Yaletown House CCTV
L2449,VGH ED Expansion NC
L2451,SMH MRI Phase 1B & 2 NC
L2452,Fort Langley NC upgrade
L2453,Hilton Villa NC Upgrade
L2454,Wexford R5K Upgrade
L2501,CGH MI MP Fluoroscopy NC
L2504,SMH OR 4 and 5 NC
L2505,Cloverdale UPCC NC
L2506,RH ED MHSU NC ReRe + New
L2508,BCC Kelowna CT Sim ReReno
L2511,SMH Renal Center New NC
L2512,PAH Lv 5 and 6 NC Repl
L2515,VICC PSMA NC ReRe & New
L2517,Harmony House NC & Phone
L2518,RMH MTU NET New NC
L2519,GSS Hillside Village NC
L2520,GSS Hillside V Coll NCExp
L2521,South Surrey UPCC NC
L2522,VGH OR Renewal Phase 2 NC
L2523,St. John Hospital New NC
L2524,LGH Angiography NC ReRe
L2525,POCO UPCC New NC
L2526,LGH RRCM
L2528,SMH Cath Lab Reno New NC
L2530,BCC Surrey chemo. NC
L2532,Veterans Health Centre NC
L2533,FD Sinclair Elem. PA Exp.
L2534,UHNC CD Ph3 NC Expansion
L2535,KBRH R5K Field NC Upgrade
L2536,RH Nuclear Medicine NC
L2537,SMH Creekside 10 Bed NC
L2538,RH ED MHSU Net New NC
L2539,Harriet House NC (labour)
L2540,JPSOCS CT SCAN NC
L2541,City Center Surgery New N
L2542,EKRH Nursery Expansion NC
L2543,LGH 3.0T MRI KC ReRe New
L2544,Kitimat Hospital ReRe
L2546,PAH ICU Telemetry Ph1 NC
L2547,RH IV Therapy NC
L2548,RH Park and Rotunda Demo
L2550,Kwantlen Park SecondaryPA
L2552,KBH CT Scanner Reno NC
L2553,Martha Currie Elem PA LAB
L2554,Sunset Seniors Centre NC
L2555,RH X-Ray Reno NC
S2503,"Victoria VGH NC Labor,O/H"
S2504,"Lillooet LIH - Labor,O/H"
L2506,CCLC Conversion PA System
12216A,BHRP Nursing Tower 2-4
12216B,BHRP New Tower
12216C,BHRP Nursing Tower 0-1
12216D,BHRP SFB
S2503M,Victoria VGH NC Material
S2504M,Lillooet LIH - Material
